{
  "__inputs": [
    {
      "name": "DS_PROMETHEUS",
      "label": "Prometheus",
      "description": "",
      "type": "datasource",
      "pluginId": "prometheus",
      "pluginName": "Prometheus"
    }
  ],
  "__requires": [
    {
      "type": "grafana",
      "id": "grafana",
      "name": "Grafana",
      "version": "8.0.6"
    },
    {
      "type": "datasource",
      "id": "prometheus",
      "name": "Prometheus",
      "version": "1.0.0"
    },
    {
      "type": "panel",
      "id": "timeseries",
      "name": "Time series",
      "version": ""
    }
  ],
  "annotations": {
    "list": [
      {
        "builtIn": 1,
        "datasource": "-- Grafana --",
        "enable": true,
        "hide": true,
        "iconColor": "rgba(0, 211, 255, 1)",
        "name": "Annotations & Alerts",
        "type": "dashboard"
      }
    ]
  },
  "editable": true,
  "gnetId": null,
  "graphTooltip": 0,
  "id": null,
  "iteration": 1627587695248,
  "links": [],
  "panels": [
    {
      "collapsed": false,
      "datasource": null,
      "gridPos": {
        "h": 1,
        "w": 24,
        "x": 0,
        "y": 0
      },
      "id": 16,
      "panels": [],
      "repeat": "mlxnetif",
      "title": "Auto-Mlx for $mlxnetif",
      "type": "row"
    },
    {
      "datasource": "${DS_PROMETHEUS}",
      "description": "",
      "fieldConfig": {
        "defaults": {
          "color": {
            "mode": "palette-classic"
          },
          "custom": {
            "axisLabel": "",
            "axisPlacement": "auto",
            "barAlignment": 0,
            "drawStyle": "line",
            "fillOpacity": 0,
            "gradientMode": "none",
            "hideFrom": {
              "legend": false,
              "tooltip": false,
              "viz": false
            },
            "lineInterpolation": "linear",
            "lineWidth": 1,
            "pointSize": 5,
            "scaleDistribution": {
              "type": "linear"
            },
            "showPoints": "auto",
            "spanNulls": false,
            "stacking": {
              "group": "A",
              "mode": "none"
            },
            "thresholdsStyle": {
              "mode": "off"
            }
          },
          "mappings": [],
          "thresholds": {
            "mode": "absolute",
            "steps": [
              {
                "color": "green",
                "value": null
              },
              {
                "color": "red",
                "value": 80
              }
            ]
          }
        },
        "overrides": []
      },
      "gridPos": {
        "h": 8,
        "w": 12,
        "x": 0,
        "y": 1
      },
      "id": 35,
      "options": {
        "legend": {
          "calcs": [],
          "displayMode": "list",
          "placement": "bottom"
        },
        "tooltip": {
          "mode": "single"
        }
      },
      "targets": [
        {
          "exemplar": true,
          "expr": "out_of_sequence{device=\"$mlxnetif\"}  ",
          "interval": "",
          "legendFormat": "",
          "queryType": "randomWalk",
          "refId": "A"
        }
      ],
      "title": "Out of Sequence errors",
      "type": "timeseries"
    },
    {
      "datasource": "${DS_PROMETHEUS}",
      "description": "",
      "fieldConfig": {
        "defaults": {
          "color": {
            "mode": "palette-classic"
          },
          "custom": {
            "axisLabel": "",
            "axisPlacement": "auto",
            "barAlignment": 0,
            "drawStyle": "line",
            "fillOpacity": 0,
            "gradientMode": "none",
            "hideFrom": {
              "legend": false,
              "tooltip": false,
              "viz": false
            },
            "lineInterpolation": "linear",
            "lineWidth": 1,
            "pointSize": 5,
            "scaleDistribution": {
              "type": "linear"
            },
            "showPoints": "auto",
            "spanNulls": false,
            "stacking": {
              "group": "A",
              "mode": "none"
            },
            "thresholdsStyle": {
              "mode": "off"
            }
          },
          "mappings": [],
          "thresholds": {
            "mode": "absolute",
            "steps": [
              {
                "color": "green",
                "value": null
              },
              {
                "color": "red",
                "value": 80
              }
            ]
          }
        },
        "overrides": []
      },
      "gridPos": {
        "h": 8,
        "w": 12,
        "x": 12,
        "y": 1
      },
      "id": 467,
      "options": {
        "legend": {
          "calcs": [],
          "displayMode": "list",
          "placement": "bottom"
        },
        "tooltip": {
          "mode": "single"
        }
      },
      "targets": [
        {
          "exemplar": true,
          "expr": "local_ack_timeout_err{device=\"$mlxnetif\"}  ",
          "interval": "",
          "legendFormat": "",
          "queryType": "randomWalk",
          "refId": "A"
        }
      ],
      "title": "local_ack_timeout_err errors",
      "type": "timeseries"
    },
    {
      "datasource": "${DS_PROMETHEUS}",
      "description": "",
      "fieldConfig": {
        "defaults": {
          "color": {
            "mode": "palette-classic"
          },
          "custom": {
            "axisLabel": "",
            "axisPlacement": "auto",
            "barAlignment": 0,
            "drawStyle": "line",
            "fillOpacity": 0,
            "gradientMode": "none",
            "hideFrom": {
              "legend": false,
              "tooltip": false,
              "viz": false
            },
            "lineInterpolation": "linear",
            "lineWidth": 1,
            "pointSize": 5,
            "scaleDistribution": {
              "type": "linear"
            },
            "showPoints": "auto",
            "spanNulls": false,
            "stacking": {
              "group": "A",
              "mode": "none"
            },
            "thresholdsStyle": {
              "mode": "off"
            }
          },
          "mappings": [],
          "thresholds": {
            "mode": "absolute",
            "steps": [
              {
                "color": "green",
                "value": null
              },
              {
                "color": "red",
                "value": 80
              }
            ]
          }
        },
        "overrides": []
      },
      "gridPos": {
        "h": 8,
        "w": 12,
        "x": 0,
        "y": 9
      },
      "id": 157,
      "options": {
        "legend": {
          "calcs": [],
          "displayMode": "list",
          "placement": "bottom"
        },
        "tooltip": {
          "mode": "single"
        }
      },
      "targets": [
        {
          "exemplar": true,
          "expr": "rate(out_of_sequence{device=\"$mlxnetif\"}[1m])  ",
          "interval": "",
          "legendFormat": "{{instance}}",
          "queryType": "randomWalk",
          "refId": "A"
        }
      ],
      "title": "Out of Sequence errors - Rate",
      "type": "timeseries"
    },
    {
      "datasource": "${DS_PROMETHEUS}",
      "fieldConfig": {
        "defaults": {
          "color": {
            "mode": "palette-classic"
          },
          "custom": {
            "axisLabel": "",
            "axisPlacement": "auto",
            "barAlignment": 0,
            "drawStyle": "line",
            "fillOpacity": 0,
            "gradientMode": "none",
            "hideFrom": {
              "legend": false,
              "tooltip": false,
              "viz": false
            },
            "lineInterpolation": "linear",
            "lineWidth": 1,
            "pointSize": 5,
            "scaleDistribution": {
              "type": "linear"
            },
            "showPoints": "auto",
            "spanNulls": false,
            "stacking": {
              "group": "A",
              "mode": "none"
            },
            "thresholdsStyle": {
              "mode": "off"
            }
          },
          "mappings": [],
          "thresholds": {
            "mode": "absolute",
            "steps": [
              {
                "color": "green",
                "value": null
              },
              {
                "color": "red",
                "value": 80
              }
            ]
          }
        },
        "overrides": []
      },
      "gridPos": {
        "h": 8,
        "w": 12,
        "x": 12,
        "y": 9
      },
      "id": 36,
      "options": {
        "legend": {
          "calcs": [],
          "displayMode": "list",
          "placement": "bottom"
        },
        "tooltip": {
          "mode": "single"
        }
      },
      "targets": [
        {
          "exemplar": true,
          "expr": "packet_seq_err{device=\"$mlxnetif\"}  ",
          "interval": "",
          "legendFormat": "",
          "queryType": "randomWalk",
          "refId": "A"
        }
      ],
      "title": "packet_seq_err",
      "type": "timeseries"
    },
    {
      "datasource": "${DS_PROMETHEUS}",
      "fieldConfig": {
        "defaults": {
          "color": {
            "mode": "palette-classic"
          },
          "custom": {
            "axisLabel": "",
            "axisPlacement": "auto",
            "barAlignment": 0,
            "drawStyle": "line",
            "fillOpacity": 0,
            "gradientMode": "none",
            "hideFrom": {
              "legend": false,
              "tooltip": false,
              "viz": false
            },
            "lineInterpolation": "linear",
            "lineWidth": 1,
            "pointSize": 5,
            "scaleDistribution": {
              "type": "linear"
            },
            "showPoints": "auto",
            "spanNulls": false,
            "stacking": {
              "group": "A",
              "mode": "none"
            },
            "thresholdsStyle": {
              "mode": "off"
            }
          },
          "mappings": [],
          "thresholds": {
            "mode": "absolute",
            "steps": [
              {
                "color": "green",
                "value": null
              },
              {
                "color": "red",
                "value": 80
              }
            ]
          }
        },
        "overrides": []
      },
      "gridPos": {
        "h": 8,
        "w": 12,
        "x": 0,
        "y": 17
      },
      "id": 244,
      "options": {
        "legend": {
          "calcs": [],
          "displayMode": "list",
          "placement": "bottom"
        },
        "tooltip": {
          "mode": "single"
        }
      },
      "targets": [
        {
          "exemplar": true,
          "expr": "(out_of_sequence{device=\"$mlxnetif\"} / node_infiniband_port_packets_received_total{device=\"$mlxnetif\"}) * 100",
          "interval": "",
          "legendFormat": "out_of_sequence count as percent of port_packets_received_total {{instance}}",
          "queryType": "randomWalk",
          "refId": "A"
        },
        {
          "exemplar": true,
          "expr": "(packet_seq_err{device=\"$mlxnetif\"} / node_infiniband_port_packets_received_total{device=\"$mlxnetif\"}) * 100",
          "hide": false,
          "interval": "",
          "legendFormat": "packet_seq_err count as percent of port_packets_received_total {{instance}}",
          "queryType": "randomWalk",
          "refId": "B"
        }
      ],
      "title": "Error  count as percent of port_packets_received_total",
      "type": "timeseries"
    },
    {
      "datasource": "${DS_PROMETHEUS}",
      "fieldConfig": {
        "defaults": {
          "color": {
            "mode": "palette-classic"
          },
          "custom": {
            "axisLabel": "",
            "axisPlacement": "auto",
            "barAlignment": 0,
            "drawStyle": "line",
            "fillOpacity": 0,
            "gradientMode": "none",
            "hideFrom": {
              "legend": false,
              "tooltip": false,
              "viz": false
            },
            "lineInterpolation": "linear",
            "lineWidth": 1,
            "pointSize": 5,
            "scaleDistribution": {
              "type": "linear"
            },
            "showPoints": "auto",
            "spanNulls": false,
            "stacking": {
              "group": "A",
              "mode": "none"
            },
            "thresholdsStyle": {
              "mode": "off"
            }
          },
          "mappings": [],
          "thresholds": {
            "mode": "absolute",
            "steps": [
              {
                "color": "green",
                "value": null
              },
              {
                "color": "red",
                "value": 80
              }
            ]
          }
        },
        "overrides": []
      },
      "gridPos": {
        "h": 8,
        "w": 12,
        "x": 12,
        "y": 17
      },
      "id": 88,
      "options": {
        "legend": {
          "calcs": [],
          "displayMode": "list",
          "placement": "bottom"
        },
        "tooltip": {
          "mode": "single"
        }
      },
      "targets": [
        {
          "exemplar": true,
          "expr": "np_ecn_marked_roce_packets{device=\"$mlxnetif\"}  ",
          "interval": "",
          "legendFormat": "{{instance}}",
          "queryType": "randomWalk",
          "refId": "A"
        }
      ],
      "title": "np_ecn_marked_roce_packets",
      "type": "timeseries"
    },
    {
      "datasource": "${DS_PROMETHEUS}",
      "fieldConfig": {
        "defaults": {
          "color": {
            "mode": "palette-classic"
          },
          "custom": {
            "axisLabel": "",
            "axisPlacement": "auto",
            "barAlignment": 0,
            "drawStyle": "line",
            "fillOpacity": 0,
            "gradientMode": "none",
            "hideFrom": {
              "legend": false,
              "tooltip": false,
              "viz": false
            },
            "lineInterpolation": "linear",
            "lineWidth": 1,
            "pointSize": 5,
            "scaleDistribution": {
              "type": "linear"
            },
            "showPoints": "auto",
            "spanNulls": false,
            "stacking": {
              "group": "A",
              "mode": "none"
            },
            "thresholdsStyle": {
              "mode": "off"
            }
          },
          "mappings": [],
          "thresholds": {
            "mode": "absolute",
            "steps": [
              {
                "color": "green",
                "value": null
              },
              {
                "color": "red",
                "value": 80
              }
            ]
          }
        },
        "overrides": []
      },
      "gridPos": {
        "h": 8,
        "w": 12,
        "x": 12,
        "y": 25
      },
      "id": 347,
      "options": {
        "legend": {
          "calcs": [],
          "displayMode": "list",
          "placement": "bottom"
        },
        "tooltip": {
          "mode": "single"
        }
      },
      "targets": [
        {
          "exemplar": true,
          "expr": "out_of_buffer{device=\"$mlxnetif\"}  ",
          "interval": "",
          "legendFormat": "{{instance}}",
          "queryType": "randomWalk",
          "refId": "A"
        }
      ],
      "title": "out_of_buffer",
      "type": "timeseries"
    },
    {
      "collapsed": true,
      "datasource": null,
      "gridPos": {
        "h": 1,
        "w": 24,
        "x": 0,
        "y": 498
      },
      "id": 14,
      "panels": [
        {
          "datasource": "${DS_PROMETHEUS}",
          "fieldConfig": {
            "defaults": {
              "color": {
                "mode": "palette-classic"
              },
              "custom": {
                "axisLabel": "",
                "axisPlacement": "auto",
                "barAlignment": 0,
                "drawStyle": "line",
                "fillOpacity": 0,
                "gradientMode": "none",
                "hideFrom": {
                  "legend": false,
                  "tooltip": false,
                  "viz": false
                },
                "lineInterpolation": "linear",
                "lineWidth": 1,
                "pointSize": 5,
                "scaleDistribution": {
                  "type": "linear"
                },
                "showPoints": "auto",
                "spanNulls": false,
                "stacking": {
                  "group": "A",
                  "mode": "none"
                },
                "thresholdsStyle": {
                  "mode": "off"
                }
              },
              "mappings": [],
              "thresholds": {
                "mode": "absolute",
                "steps": [
                  {
                    "color": "green",
                    "value": null
                  },
                  {
                    "color": "red",
                    "value": 80
                  }
                ]
              }
            },
            "overrides": []
          },
          "gridPos": {
            "h": 16,
            "w": 11,
            "x": 0,
            "y": 19
          },
          "id": 2,
          "options": {
            "legend": {
              "calcs": [],
              "displayMode": "list",
              "placement": "bottom"
            },
            "tooltip": {
              "mode": "single"
            }
          },
          "targets": [
            {
              "exemplar": true,
              "expr": "out_of_sequence{device=\"$mlxnetif\"}",
              "interval": "",
              "legendFormat": "",
              "queryType": "randomWalk",
              "refId": "A"
            },
            {
              "exemplar": true,
              "expr": "packet_seq_err{device=\"$mlxnetif\"}",
              "hide": false,
              "interval": "",
              "legendFormat": "",
              "queryType": "randomWalk",
              "refId": "B"
            }
          ],
          "title": "mlx5_0",
          "type": "timeseries"
        },
        {
          "datasource": "${DS_PROMETHEUS}",
          "fieldConfig": {
            "defaults": {
              "color": {
                "mode": "palette-classic"
              },
              "custom": {
                "axisLabel": "",
                "axisPlacement": "auto",
                "barAlignment": 0,
                "drawStyle": "line",
                "fillOpacity": 0,
                "gradientMode": "none",
                "hideFrom": {
                  "legend": false,
                  "tooltip": false,
                  "viz": false
                },
                "lineInterpolation": "linear",
                "lineWidth": 1,
                "pointSize": 5,
                "scaleDistribution": {
                  "type": "linear"
                },
                "showPoints": "auto",
                "spanNulls": false,
                "stacking": {
                  "group": "A",
                  "mode": "none"
                },
                "thresholdsStyle": {
                  "mode": "off"
                }
              },
              "mappings": [],
              "thresholds": {
                "mode": "absolute",
                "steps": [
                  {
                    "color": "green",
                    "value": null
                  },
                  {
                    "color": "red",
                    "value": 80
                  }
                ]
              }
            },
            "overrides": []
          },
          "gridPos": {
            "h": 16,
            "w": 13,
            "x": 11,
            "y": 19
          },
          "id": 3,
          "options": {
            "legend": {
              "calcs": [],
              "displayMode": "list",
              "placement": "bottom"
            },
            "tooltip": {
              "mode": "single"
            }
          },
          "targets": [
            {
              "exemplar": true,
              "expr": "out_of_sequence{device=\"mlx5_2\"}",
              "interval": "",
              "legendFormat": "",
              "queryType": "randomWalk",
              "refId": "A"
            },
            {
              "exemplar": true,
              "expr": "packet_seq_err{device=\"mlx5_2\"}",
              "hide": false,
              "interval": "",
              "legendFormat": "",
              "queryType": "randomWalk",
              "refId": "B"
            }
          ],
          "title": "mlx5_2",
          "type": "timeseries"
        },
        {
          "datasource": "${DS_PROMETHEUS}",
          "fieldConfig": {
            "defaults": {
              "color": {
                "mode": "palette-classic"
              },
              "custom": {
                "axisLabel": "",
                "axisPlacement": "auto",
                "barAlignment": 0,
                "drawStyle": "line",
                "fillOpacity": 0,
                "gradientMode": "none",
                "hideFrom": {
                  "legend": false,
                  "tooltip": false,
                  "viz": false
                },
                "lineInterpolation": "linear",
                "lineWidth": 1,
                "pointSize": 5,
                "scaleDistribution": {
                  "type": "linear"
                },
                "showPoints": "auto",
                "spanNulls": false,
                "stacking": {
                  "group": "A",
                  "mode": "none"
                },
                "thresholdsStyle": {
                  "mode": "off"
                }
              },
              "mappings": [],
              "thresholds": {
                "mode": "absolute",
                "steps": [
                  {
                    "color": "green",
                    "value": null
                  },
                  {
                    "color": "red",
                    "value": 80
                  }
                ]
              }
            },
            "overrides": []
          },
          "gridPos": {
            "h": 14,
            "w": 11,
            "x": 0,
            "y": 35
          },
          "id": 9,
          "options": {
            "legend": {
              "calcs": [],
              "displayMode": "list",
              "placement": "bottom"
            },
            "tooltip": {
              "mode": "single"
            }
          },
          "targets": [
            {
              "exemplar": true,
              "expr": "out_of_sequence{device=\"mlx5_6\"}",
              "interval": "",
              "legendFormat": "",
              "queryType": "randomWalk",
              "refId": "A"
            },
            {
              "exemplar": true,
              "expr": "packet_seq_err{device=\"mlx5_6\"}",
              "hide": false,
              "interval": "",
              "legendFormat": "",
              "queryType": "randomWalk",
              "refId": "B"
            }
          ],
          "title": "mlx5_6",
          "type": "timeseries"
        },
        {
          "datasource": "${DS_PROMETHEUS}",
          "fieldConfig": {
            "defaults": {
              "color": {
                "mode": "palette-classic"
              },
              "custom": {
                "axisLabel": "",
                "axisPlacement": "auto",
                "barAlignment": 0,
                "drawStyle": "line",
                "fillOpacity": 0,
                "gradientMode": "none",
                "hideFrom": {
                  "legend": false,
                  "tooltip": false,
                  "viz": false
                },
                "lineInterpolation": "linear",
                "lineWidth": 1,
                "pointSize": 5,
                "scaleDistribution": {
                  "type": "linear"
                },
                "showPoints": "auto",
                "spanNulls": false,
                "stacking": {
                  "group": "A",
                  "mode": "none"
                },
                "thresholdsStyle": {
                  "mode": "off"
                }
              },
              "mappings": [],
              "thresholds": {
                "mode": "absolute",
                "steps": [
                  {
                    "color": "green",
                    "value": null
                  },
                  {
                    "color": "red",
                    "value": 80
                  }
                ]
              }
            },
            "overrides": []
          },
          "gridPos": {
            "h": 14,
            "w": 13,
            "x": 11,
            "y": 35
          },
          "id": 8,
          "options": {
            "legend": {
              "calcs": [],
              "displayMode": "list",
              "placement": "bottom"
            },
            "tooltip": {
              "mode": "single"
            }
          },
          "targets": [
            {
              "exemplar": true,
              "expr": "out_of_sequence{device=\"mlx5_8\"}",
              "interval": "",
              "legendFormat": "",
              "queryType": "randomWalk",
              "refId": "A"
            },
            {
              "exemplar": true,
              "expr": "packet_seq_err{device=\"mlx5_8\"}",
              "hide": false,
              "interval": "",
              "legendFormat": "",
              "queryType": "randomWalk",
              "refId": "B"
            }
          ],
          "title": "mlx5_8",
          "type": "timeseries"
        },
        {
          "datasource": "${DS_PROMETHEUS}",
          "fieldConfig": {
            "defaults": {
              "color": {
                "mode": "palette-classic"
              },
              "custom": {
                "axisLabel": "",
                "axisPlacement": "auto",
                "barAlignment": 0,
                "drawStyle": "line",
                "fillOpacity": 0,
                "gradientMode": "none",
                "hideFrom": {
                  "legend": false,
                  "tooltip": false,
                  "viz": false
                },
                "lineInterpolation": "linear",
                "lineWidth": 1,
                "pointSize": 5,
                "scaleDistribution": {
                  "type": "linear"
                },
                "showPoints": "auto",
                "spanNulls": false,
                "stacking": {
                  "group": "A",
                  "mode": "none"
                },
                "thresholdsStyle": {
                  "mode": "off"
                }
              },
              "mappings": [],
              "thresholds": {
                "mode": "absolute",
                "steps": [
                  {
                    "color": "green",
                    "value": null
                  },
                  {
                    "color": "red",
                    "value": 80
                  }
                ]
              }
            },
            "overrides": []
          },
          "gridPos": {
            "h": 15,
            "w": 11,
            "x": 0,
            "y": 49
          },
          "id": 7,
          "options": {
            "legend": {
              "calcs": [],
              "displayMode": "list",
              "placement": "bottom"
            },
            "tooltip": {
              "mode": "single"
            }
          },
          "targets": [
            {
              "exemplar": true,
              "expr": "out_of_sequence{device=\"mlx5_10\"}",
              "interval": "",
              "legendFormat": "",
              "queryType": "randomWalk",
              "refId": "A"
            },
            {
              "exemplar": true,
              "expr": "packet_seq_err{device=\"mlx5_10\"}",
              "hide": false,
              "interval": "",
              "legendFormat": "",
              "queryType": "randomWalk",
              "refId": "B"
            }
          ],
          "title": "mlx5_10",
          "type": "timeseries"
        },
        {
          "datasource": "${DS_PROMETHEUS}",
          "fieldConfig": {
            "defaults": {
              "color": {
                "mode": "palette-classic"
              },
              "custom": {
                "axisLabel": "",
                "axisPlacement": "auto",
                "barAlignment": 0,
                "drawStyle": "line",
                "fillOpacity": 0,
                "gradientMode": "none",
                "hideFrom": {
                  "legend": false,
                  "tooltip": false,
                  "viz": false
                },
                "lineInterpolation": "linear",
                "lineWidth": 1,
                "pointSize": 5,
                "scaleDistribution": {
                  "type": "linear"
                },
                "showPoints": "auto",
                "spanNulls": false,
                "stacking": {
                  "group": "A",
                  "mode": "none"
                },
                "thresholdsStyle": {
                  "mode": "off"
                }
              },
              "mappings": [],
              "thresholds": {
                "mode": "absolute",
                "steps": [
                  {
                    "color": "green",
                    "value": null
                  },
                  {
                    "color": "red",
                    "value": 80
                  }
                ]
              }
            },
            "overrides": []
          },
          "gridPos": {
            "h": 15,
            "w": 13,
            "x": 11,
            "y": 49
          },
          "id": 6,
          "options": {
            "legend": {
              "calcs": [],
              "displayMode": "list",
              "placement": "bottom"
            },
            "tooltip": {
              "mode": "single"
            }
          },
          "targets": [
            {
              "exemplar": true,
              "expr": "out_of_sequence{device=\"mlx5_12\"}",
              "interval": "",
              "legendFormat": "",
              "queryType": "randomWalk",
              "refId": "A"
            },
            {
              "exemplar": true,
              "expr": "packet_seq_err{device=\"mlx5_12\"}",
              "hide": false,
              "interval": "",
              "legendFormat": "",
              "queryType": "randomWalk",
              "refId": "B"
            }
          ],
          "title": "mlx5_12",
          "type": "timeseries"
        },
        {
          "datasource": "${DS_PROMETHEUS}",
          "fieldConfig": {
            "defaults": {
              "color": {
                "mode": "palette-classic"
              },
              "custom": {
                "axisLabel": "",
                "axisPlacement": "auto",
                "barAlignment": 0,
                "drawStyle": "line",
                "fillOpacity": 0,
                "gradientMode": "none",
                "hideFrom": {
                  "legend": false,
                  "tooltip": false,
                  "viz": false
                },
                "lineInterpolation": "linear",
                "lineWidth": 1,
                "pointSize": 5,
                "scaleDistribution": {
                  "type": "linear"
                },
                "showPoints": "auto",
                "spanNulls": false,
                "stacking": {
                  "group": "A",
                  "mode": "none"
                },
                "thresholdsStyle": {
                  "mode": "off"
                }
              },
              "mappings": [],
              "thresholds": {
                "mode": "absolute",
                "steps": [
                  {
                    "color": "green",
                    "value": null
                  },
                  {
                    "color": "red",
                    "value": 80
                  }
                ]
              }
            },
            "overrides": []
          },
          "gridPos": {
            "h": 15,
            "w": 11,
            "x": 0,
            "y": 64
          },
          "id": 5,
          "options": {
            "legend": {
              "calcs": [],
              "displayMode": "list",
              "placement": "bottom"
            },
            "tooltip": {
              "mode": "single"
            }
          },
          "targets": [
            {
              "exemplar": true,
              "expr": "out_of_sequence{device=\"mlx5_14\"}",
              "interval": "",
              "legendFormat": "",
              "queryType": "randomWalk",
              "refId": "A"
            },
            {
              "exemplar": true,
              "expr": "packet_seq_err{device=\"mlx5_14\"}",
              "hide": false,
              "interval": "",
              "legendFormat": "",
              "queryType": "randomWalk",
              "refId": "B"
            }
          ],
          "title": "mlx5_14",
          "type": "timeseries"
        },
        {
          "datasource": "${DS_PROMETHEUS}",
          "fieldConfig": {
            "defaults": {
              "color": {
                "mode": "palette-classic"
              },
              "custom": {
                "axisLabel": "",
                "axisPlacement": "auto",
                "barAlignment": 0,
                "drawStyle": "line",
                "fillOpacity": 0,
                "gradientMode": "none",
                "hideFrom": {
                  "legend": false,
                  "tooltip": false,
                  "viz": false
                },
                "lineInterpolation": "linear",
                "lineWidth": 1,
                "pointSize": 5,
                "scaleDistribution": {
                  "type": "linear"
                },
                "showPoints": "auto",
                "spanNulls": false,
                "stacking": {
                  "group": "A",
                  "mode": "none"
                },
                "thresholdsStyle": {
                  "mode": "off"
                }
              },
              "mappings": [],
              "thresholds": {
                "mode": "absolute",
                "steps": [
                  {
                    "color": "green",
                    "value": null
                  },
                  {
                    "color": "red",
                    "value": 80
                  }
                ]
              }
            },
            "overrides": []
          },
          "gridPos": {
            "h": 15,
            "w": 13,
            "x": 11,
            "y": 64
          },
          "id": 4,
          "options": {
            "legend": {
              "calcs": [],
              "displayMode": "list",
              "placement": "bottom"
            },
            "tooltip": {
              "mode": "single"
            }
          },
          "targets": [
            {
              "exemplar": true,
              "expr": "out_of_sequence{device=\"mlx5_16\"}",
              "interval": "",
              "legendFormat": "",
              "queryType": "randomWalk",
              "refId": "A"
            },
            {
              "exemplar": true,
              "expr": "packet_seq_err{device=\"mlx5_16\"}",
              "hide": false,
              "interval": "",
              "legendFormat": "",
              "queryType": "randomWalk",
              "refId": "B"
            }
          ],
          "title": "mlx5_16",
          "type": "timeseries"
        },
        {
          "datasource": "${DS_PROMETHEUS}",
          "fieldConfig": {
            "defaults": {
              "color": {
                "mode": "palette-classic"
              },
              "custom": {
                "axisLabel": "",
                "axisPlacement": "auto",
                "barAlignment": 0,
                "drawStyle": "line",
                "fillOpacity": 0,
                "gradientMode": "none",
                "hideFrom": {
                  "legend": false,
                  "tooltip": false,
                  "viz": false
                },
                "lineInterpolation": "linear",
                "lineWidth": 1,
                "pointSize": 5,
                "scaleDistribution": {
                  "type": "linear"
                },
                "showPoints": "auto",
                "spanNulls": false,
                "stacking": {
                  "group": "A",
                  "mode": "none"
                },
                "thresholdsStyle": {
                  "mode": "off"
                }
              },
              "mappings": [],
              "thresholds": {
                "mode": "absolute",
                "steps": [
                  {
                    "color": "green",
                    "value": null
                  },
                  {
                    "color": "red",
                    "value": 80
                  }
                ]
              }
            },
            "overrides": []
          },
          "gridPos": {
            "h": 15,
            "w": 13,
            "x": 11,
            "y": 79
          },
          "id": 10,
          "options": {
            "legend": {
              "calcs": [],
              "displayMode": "list",
              "placement": "bottom"
            },
            "tooltip": {
              "mode": "single"
            }
          },
          "targets": [
            {
              "exemplar": true,
              "expr": "out_of_sequence{device=\"mlx5_16\"}",
              "interval": "",
              "legendFormat": "",
              "queryType": "randomWalk",
              "refId": "A"
            },
            {
              "exemplar": true,
              "expr": "packet_seq_err{device=\"mlx5_16\"}",
              "hide": false,
              "interval": "",
              "legendFormat": "",
              "queryType": "randomWalk",
              "refId": "B"
            },
            {
              "exemplar": true,
              "expr": "node_infiniband_port_packets_received_total{device=\"mlx5_16\"}",
              "hide": false,
              "interval": "",
              "legendFormat": "",
              "queryType": "randomWalk",
              "refId": "C"
            },
            {
              "exemplar": true,
              "expr": "node_infiniband_port_packets_transmitted_total{device=\"mlx5_16\"}",
              "hide": false,
              "interval": "",
              "legendFormat": "",
              "queryType": "randomWalk",
              "refId": "D"
            },
            {
              "exemplar": true,
              "expr": "np_ecn_marked_roce_packets{device=\"mlx5_16\"}",
              "hide": false,
              "interval": "",
              "legendFormat": "",
              "queryType": "randomWalk",
              "refId": "E"
            }
          ],
          "title": "mlx5_16 more",
          "type": "timeseries"
        },
        {
          "datasource": "${DS_PROMETHEUS}",
          "fieldConfig": {
            "defaults": {
              "color": {
                "mode": "palette-classic"
              },
              "custom": {
                "axisLabel": "",
                "axisPlacement": "auto",
                "barAlignment": 0,
                "drawStyle": "line",
                "fillOpacity": 0,
                "gradientMode": "none",
                "hideFrom": {
                  "legend": false,
                  "tooltip": false,
                  "viz": false
                },
                "lineInterpolation": "linear",
                "lineWidth": 1,
                "pointSize": 5,
                "scaleDistribution": {
                  "type": "linear"
                },
                "showPoints": "auto",
                "spanNulls": false,
                "stacking": {
                  "group": "A",
                  "mode": "none"
                },
                "thresholdsStyle": {
                  "mode": "off"
                }
              },
              "mappings": [],
              "thresholds": {
                "mode": "absolute",
                "steps": [
                  {
                    "color": "green",
                    "value": null
                  },
                  {
                    "color": "red",
                    "value": 80
                  }
                ]
              }
            },
            "overrides": []
          },
          "gridPos": {
            "h": 15,
            "w": 13,
            "x": 11,
            "y": 94
          },
          "id": 11,
          "options": {
            "legend": {
              "calcs": [],
              "displayMode": "list",
              "placement": "bottom"
            },
            "tooltip": {
              "mode": "single"
            }
          },
          "targets": [
            {
              "exemplar": true,
              "expr": "rate(out_of_sequence{device=\"mlx5_16\"}[$__interval])",
              "interval": "",
              "intervalFactor": 2,
              "legendFormat": "",
              "queryType": "randomWalk",
              "refId": "A"
            }
          ],
          "title": "mlx5_16 rate",
          "type": "timeseries"
        },
        {
          "datasource": "${DS_PROMETHEUS}",
          "fieldConfig": {
            "defaults": {
              "color": {
                "mode": "palette-classic"
              },
              "custom": {
                "axisLabel": "",
                "axisPlacement": "auto",
                "barAlignment": 0,
                "drawStyle": "line",
                "fillOpacity": 0,
                "gradientMode": "none",
                "hideFrom": {
                  "legend": false,
                  "tooltip": false,
                  "viz": false
                },
                "lineInterpolation": "linear",
                "lineWidth": 1,
                "pointSize": 5,
                "scaleDistribution": {
                  "type": "linear"
                },
                "showPoints": "auto",
                "spanNulls": false,
                "stacking": {
                  "group": "A",
                  "mode": "none"
                },
                "thresholdsStyle": {
                  "mode": "off"
                }
              },
              "mappings": [],
              "thresholds": {
                "mode": "absolute",
                "steps": [
                  {
                    "color": "green",
                    "value": null
                  },
                  {
                    "color": "red",
                    "value": 80
                  }
                ]
              }
            },
            "overrides": []
          },
          "gridPos": {
            "h": 15,
            "w": 13,
            "x": 11,
            "y": 109
          },
          "id": 12,
          "options": {
            "legend": {
              "calcs": [],
              "displayMode": "list",
              "placement": "bottom"
            },
            "tooltip": {
              "mode": "single"
            }
          },
          "targets": [
            {
              "exemplar": true,
              "expr": "out_of_sequence{device=\"mlx5_16\"} / node_infiniband_port_packets_received_total{device=\"mlx5_16\"}",
              "interval": "",
              "intervalFactor": 2,
              "legendFormat": "",
              "queryType": "randomWalk",
              "refId": "A"
            },
            {
              "exemplar": true,
              "expr": "packet_seq_err{device=\"mlx5_16\"} / node_infiniband_port_packets_received_total{device=\"mlx5_16\"}",
              "hide": false,
              "interval": "",
              "intervalFactor": 2,
              "legendFormat": "",
              "queryType": "randomWalk",
              "refId": "B"
            },
            {
              "exemplar": true,
              "expr": "np_ecn_marked_roce_packets{device=\"mlx5_16\"} / node_infiniband_port_packets_received_total{device=\"mlx5_16\"}",
              "hide": false,
              "interval": "",
              "intervalFactor": 2,
              "legendFormat": "",
              "queryType": "randomWalk",
              "refId": "C"
            }
          ],
          "title": "mlx5_16 rate by port_packets_received_total",
          "type": "timeseries"
        }
      ],
      "title": "Manually Created",
      "type": "row"
    }
  ],
  "refresh": "5s",
  "schemaVersion": 30,
  "style": "dark",
  "tags": [],
  "templating": {
    "list": [
      {
        "current": {
          "selected": true,
          "text": "Prometheus",
          "value": "Prometheus"
        },
        "description": null,
        "error": null,
        "hide": 0,
        "includeAll": false,
        "label": "",
        "multi": false,
        "name": "datasource",
        "options": [],
        "query": "prometheus",
        "queryValue": "",
        "refresh": 1,
        "regex": "",
        "skipUrlSync": false,
        "type": "datasource"
      },
      {
        "auto": true,
        "auto_count": 100,
        "auto_min": "30s",
        "current": {
          "selected": false,
          "text": "auto",
          "value": "$__auto_interval_inter"
        },
        "description": null,
        "error": null,
        "hide": 0,
        "label": "Sampling",
        "name": "inter",
        "options": [
          {
            "selected": true,
            "text": "auto",
            "value": "$__auto_interval_inter"
          },
          {
            "selected": false,
            "text": "10s",
            "value": "10s"
          },
          {
            "selected": false,
            "text": "30s",
            "value": "30s"
          },
          {
            "selected": false,
            "text": "1m",
            "value": "1m"
          },
          {
            "selected": false,
            "text": "2m",
            "value": "2m"
          },
          {
            "selected": false,
            "text": "5m",
            "value": "5m"
          },
          {
            "selected": false,
            "text": "10m",
            "value": "10m"
          },
          {
            "selected": false,
            "text": "30m",
            "value": "30m"
          },
          {
            "selected": false,
            "text": "1h",
            "value": "1h"
          }
        ],
        "query": "10s,30s,1m,2m,5m,10m,30m,1h",
        "refresh": 2,
        "skipUrlSync": false,
        "type": "interval"
      },
      {
        "allValue": null,
        "current": {},
        "datasource": "${DS_PROMETHEUS}",
        "definition": "label_values(node_network_device_id{},instance)",
        "description": null,
        "error": null,
        "hide": 0,
        "includeAll": true,
        "label": "Cluster nodes",
        "multi": true,
        "name": "server",
        "options": [],
        "query": {
          "query": "label_values(node_network_device_id{},instance)",
          "refId": "StandardVariableQuery"
        },
        "refresh": 1,
        "regex": "^(.*)\\:[0-9]*$",
        "skipUrlSync": false,
        "sort": 0,
        "type": "query"
      },
      {
        "allValue": null,
        "current": {},
        "datasource": "${DS_PROMETHEUS}",
        "definition": "label_values(node_network_device_id{},device)",
        "description": null,
        "error": null,
        "hide": 0,
        "includeAll": true,
        "label": "Network interface",
        "multi": true,
        "name": "netif",
        "options": [],
        "query": {
          "query": "label_values(node_network_device_id{},device)",
          "refId": "StandardVariableQuery"
        },
        "refresh": 1,
        "regex": "^(?!.*veth|all|tap|docker|lo).*$",
        "skipUrlSync": false,
        "sort": 1,
        "type": "query"
      },
      {
        "allValue": null,
        "current": {},
        "datasource": "${DS_PROMETHEUS}",
        "definition": "label_values(node_infiniband_port_packets_received_total{},device)",
        "description": null,
        "error": null,
        "hide": 0,
        "includeAll": true,
        "label": "Mlx network interface",
        "multi": true,
        "name": "mlxnetif",
        "options": [],
        "query": {
          "query": "label_values(node_infiniband_port_packets_received_total{},device)",
          "refId": "StandardVariableQuery"
        },
        "refresh": 1,
        "regex": "^(?!.*veth|all|tap|docker|lo).*$",
        "skipUrlSync": false,
        "sort": 1,
        "type": "query"
      }
    ]
  },
  "time": {
    "from": "now-6h",
    "to": "now"
  },
  "timepicker": {},
  "timezone": "",
  "title": "New dashboard Copy",
  "uid": "zytkw1W7z",
  "version": 24
}